{
  "dataset": "Blue Core / Red Ring",
  "description": "Blue points form the inner core and red points form the outer ring, ideal for demonstrating the RBF kernel lift.",
  "n_samples": 400,
  "kernel": "rbf",
  "C": 1.0,
  "gamma": 1.0,
  "support_vector_count": 40,
  "accuracy": 0.975,
  "precision": 0.9672131147540983,
  "recall": 0.9833333333333333,
  "f1": 0.9752066115702479,
  "auc": 0.9986111111111111,
  "blue_core_mean_radius": 0.4352081954733815,
  "red_outer_mean_radius": 0.9922829082572804,
  "blue_core_mean_lift_z": 0.8205900572263556,
  "red_outer_mean_lift_z": 0.3788130482972707,
  "label_mapping_ok": true,
  "rbf_lift_order_ok": true
}