model,accuracy_mean,f1_macro_mean,precision_macro_mean,recall_macro_mean
ExtraTrees,0.8478749999999999,0.8473133483516874,0.8472083434545992,0.8476244367879131
RandomForest,0.8352499999999999,0.8347792675721208,0.8347337121043127,0.8349778724554466
GradientBoosting,0.7931666666666667,0.7929154188204879,0.7932225095371886,0.7928596900049646
LogisticRegression,0.7354166666666666,0.7348146676950293,0.7348212612875749,0.7348659915912753
LinearSVC,0.71325,0.7029483432076402,0.7051260824731884,0.7119407949967509
