feature,correlation
LSTAT,-0.7367247048588462
RM,0.735232945205047
PTRATIO,-0.5417196329666542
INDUS,-0.518526071864555
TAX,-0.5106084723461289
CRIM,-0.49734236321820524
NOX,-0.4707077296311657
AGE,-0.43257906000973356
RAD,-0.4304908982723173
ZN,0.37283245823799327
DIS,0.33784377353294115
B,0.33347107570046325
CHAS,0.2292626410231339
